{
  "channels": [
    "https://conda.anaconda.org/conda-forge"
  ],
  "conda_build_version": "3.22.0",
  "conda_private": false,
  "conda_version": "22.9.0",
  "dev_url": "https://github.com/brianhelba/zipfile-deflate64",
  "env_vars": {
    "CIO_TEST": "<not set>"
  },
  "extra": {
    "copy_test_source_files": true,
    "final": true,
    "recipe-maintainers": [
      "sarthakpati"
    ]
  },
  "home": "https://github.com/brianhelba/zipfile-deflate64",
  "identifiers": [],
  "keywords": [],
  "license": "Apache-2.0",
  "license_file": "LICENSE",
  "root_pkgs": [
    "anaconda-client 1.8.0 pyhd8ed1ab_0",
    "anyio 3.6.2 pyhd8ed1ab_0",
    "attrs 22.1.0 pyh71513ae_1",
    "backports 1.0 py_2",
    "backports.functools_lru_cache 1.6.4 pyhd8ed1ab_0",
    "beautifulsoup4 4.11.1 pyha770c72_0",
    "boa 0.12.0 pyha770c72_4",
    "brotlipy 0.7.0 py39ha55989b_1005",
    "bzip2 1.0.8 h8ffe710_4",
    "ca-certificates 2022.9.24 h5b45459_0",
    "certifi 2022.9.24 pyhd8ed1ab_0",
    "cffi 1.15.1 py39h68f70e3_2",
    "chardet 5.0.0 py39hcbf5309_1",
    "charset-normalizer 2.1.1 pyhd8ed1ab_0",
    "click 8.1.3 win_pyhd8ed1ab_2",
    "clyent 1.2.2 py_1",
    "colorama 0.4.6 pyhd8ed1ab_0",
    "commonmark 0.9.1 py_0",
    "conda 22.9.0 py39hcbf5309_1",
    "conda-build 3.22.0 py39hcbf5309_2",
    "conda-env 2.6.0 1",
    "conda-forge-ci-setup 3.21.0 py39h8a92616_100",
    "conda-package-handling 1.9.0 py39h09fa780_1",
    "cryptography 38.0.2 py39h58e9bdb_2",
    "dataclasses 0.8 pyhc8e2a94_3",
    "filelock 3.8.0 pyhd8ed1ab_0",
    "future 0.18.2 pyhd8ed1ab_6",
    "glob2 0.7 py_0",
    "idna 3.4 pyhd8ed1ab_0",
    "importlib-metadata 5.0.0 pyha770c72_1",
    "importlib_resources 5.10.0 pyhd8ed1ab_0",
    "jinja2 3.1.2 pyhd8ed1ab_1",
    "joblib 1.2.0 pyhd8ed1ab_0",
    "json5 0.9.5 pyh9f0ad1d_0",
    "jsonschema 4.16.0 pyhd8ed1ab_0",
    "jupyter_core 4.11.1 py39hcbf5309_1",
    "krb5 1.19.3 h1176d77_0",
    "libarchive 3.5.2 hb45042f_3",
    "libcurl 7.86.0 heaf79c2_0",
    "libffi 3.4.2 h8ffe710_5",
    "libiconv 1.17 h8ffe710_0",
    "liblief 0.12.2 h63175ca_0",
    "libmamba 0.27.0 h3035e51_0",
    "libmambapy 0.27.0 py39ha773920_0",
    "libsolv 0.7.22 h7755175_0",
    "libsqlite 3.39.4 hcfcfb64_0",
    "libssh2 1.10.0 h680486a_3",
    "libxml2 2.10.3 hc3477c8_0",
    "libzlib 1.2.13 hcfcfb64_4",
    "lz4-c 1.9.3 h8ffe710_1",
    "lzo 2.10 he774522_1000",
    "m2-bash 4.3.042 5",
    "m2-ca-certificates 20150426 103",
    "m2-coreutils 8.25 102",
    "m2-curl 7.47.1 3",
    "m2-db 5.3.28 3",
    "m2-expat 2.1.1 2",
    "m2-findutils 4.6.0 2",
    "m2-gcc-libs 5.3.0 4",
    "m2-gdbm 1.11 4",
    "m2-git 2.8.1 2",
    "m2-gmp 6.1.0 3",
    "m2-gzip 1.7 2",
    "m2-heimdal 1.5.3 10",
    "m2-heimdal-libs 1.5.3 10",
    "m2-icu 56.1 2",
    "m2-info 6.0 2",
    "m2-less 481 2",
    "m2-libcrypt 1.3 2",
    "m2-libcurl 7.47.1 3",
    "m2-libdb 5.3.28 3",
    "m2-libedit 3.1 20150326",
    "m2-libexpat 2.1.1 2",
    "m2-libffi 3.2.1 2",
    "m2-libgdbm 1.11 4",
    "m2-libiconv 1.14 3",
    "m2-libidn 1.32 2",
    "m2-libintl 0.19.7 4",
    "m2-libmetalink 0.1.2 3",
    "m2-libopenssl 1.0.2.g 2",
    "m2-libp11-kit 0.23.2 2",
    "m2-libpcre 8.38 2",
    "m2-libreadline 6.3.008 8",
    "m2-libsqlite 3.10.0.0 2",
    "m2-libssh2 1.6.0 2",
    "m2-libtasn1 4.7 2",
    "m2-msys2-runtime 2.5.0.17080.65c939c 3",
    "m2-ncurses 6.0.20160220 2",
    "m2-openssh 7.1p2 2",
    "m2-openssl 1.0.2.g 2",
    "m2-p11-kit 0.23.2 2",
    "m2-patch 2.7.5 2",
    "m2-perl 5.22.1 2",
    "m2-perl-authen-sasl 2.16 3",
    "m2-perl-convert-binhex 1.123 3",
    "m2-perl-encode-locale 1.04 2",
    "m2-perl-error 0.17024 2",
    "m2-perl-file-listing 6.04 3",
    "m2-perl-html-parser 3.71 4",
    "m2-perl-html-tagset 3.20 3",
    "m2-perl-http-cookies 6.01 3",
    "m2-perl-http-daemon 6.01 3",
    "m2-perl-http-date 6.02 3",
    "m2-perl-http-message 6.06 3",
    "m2-perl-http-negotiate 6.01 3",
    "m2-perl-io-socket-ssl 2.016 2",
    "m2-perl-io-stringy 2.111 2",
    "m2-perl-libwww 6.13 2",
    "m2-perl-lwp-mediatypes 6.02 3",
    "m2-perl-mailtools 2.14 2",
    "m2-perl-mime-tools 5.506 2",
    "m2-perl-net-http 6.09 2",
    "m2-perl-net-smtp-ssl 1.02 2",
    "m2-perl-net-ssleay 1.72 2",
    "m2-perl-termreadkey 2.33 2",
    "m2-perl-timedate 2.30 3",
    "m2-perl-uri 1.68 2",
    "m2-perl-www-robotrules 6.02 3",
    "m2-sed 4.2.2 3",
    "m2-vim 7.4.1721 2",
    "m2-zlib 1.2.8 4",
    "m2w64-gcc-libgfortran 5.3.0 6",
    "m2w64-gcc-libs 5.3.0 7",
    "m2w64-gcc-libs-core 5.3.0 7",
    "m2w64-gmp 6.1.0 2",
    "m2w64-libwinpthread-git 5.0.0.4634.697f757 2",
    "mamba 0.27.0 py39hb3d9227_0",
    "markupsafe 2.1.1 py39ha55989b_2",
    "menuinst 1.4.19 py39hcbf5309_1",
    "miniforge_console_shortcut 1.0 h57928b3_0",
    "msys2-conda-epoch 20160418 1",
    "nbformat 5.7.0 pyhd8ed1ab_0",
    "openssl 1.1.1q hcfcfb64_1",
    "pip 22.3 pyhd8ed1ab_0",
    "pkginfo 1.8.3 pyhd8ed1ab_0",
    "pkgutil-resolve-name 1.3.10 pyhd8ed1ab_0",
    "prompt-toolkit 3.0.31 pyha770c72_0",
    "prompt_toolkit 3.0.31 hd8ed1ab_0",
    "psutil 5.9.3 py39ha55989b_1",
    "py-lief 0.12.2 py39h99910a6_0",
    "pybind11-abi 4 hd8ed1ab_3",
    "pycosat 0.6.4 py39ha55989b_1",
    "pycparser 2.21 pyhd8ed1ab_0",
    "pygments 2.13.0 pyhd8ed1ab_0",
    "pyopenssl 22.1.0 pyhd8ed1ab_0",
    "pyrsistent 0.18.1 py39ha55989b_2",
    "pysocks 1.7.1 pyh0701188_6",
    "python 3.9.13 h9a09f29_0_cpython",
    "python-dateutil 2.8.2 pyhd8ed1ab_0",
    "python-fastjsonschema 2.16.2 pyhd8ed1ab_0",
    "python-libarchive-c 4.0 py39hcbf5309_2",
    "python_abi 3.9 2_cp39",
    "pytz 2022.5 pyhd8ed1ab_0",
    "pywin32 304 py39h99910a6_2",
    "pyyaml 6.0 py39ha55989b_5",
    "reproc 14.2.3 h8ffe710_0",
    "reproc-cpp 14.2.3 h0e60522_0",
    "requests 2.28.1 pyhd8ed1ab_1",
    "rich 12.6.0 pyhd8ed1ab_0",
    "ripgrep 13.0.0 h7f3b576_2",
    "ruamel.yaml 0.17.21 py39ha55989b_2",
    "ruamel.yaml.clib 0.2.7 py39ha55989b_0",
    "ruamel_yaml 0.15.80 py39ha55989b_1008",
    "setuptools 65.5.0 pyhd8ed1ab_0",
    "shyaml 0.6.2 pyhd3deb0d_0",
    "six 1.16.0 pyh6c4a22f_0",
    "sniffio 1.3.0 pyhd8ed1ab_0",
    "soupsieve 2.3.2.post1 pyhd8ed1ab_0",
    "sqlite 3.39.4 hcfcfb64_0",
    "tk 8.6.12 h8ffe710_0",
    "toml 0.10.2 pyhd8ed1ab_0",
    "toolz 0.12.0 pyhd8ed1ab_0",
    "tqdm 4.64.1 pyhd8ed1ab_0",
    "traitlets 5.5.0 pyhd8ed1ab_0",
    "typing_extensions 4.4.0 pyha770c72_0",
    "tzdata 2022e h191b570_0",
    "ucrt 10.0.22621.0 h57928b3_0",
    "urllib3 1.26.11 pyhd8ed1ab_0",
    "vc 14.3 h3d8a991_9",
    "vs2015_runtime 14.32.31332 h1d6e394_9",
    "watchgod 0.8.2 pyhd8ed1ab_0",
    "wcwidth 0.2.5 pyh9f0ad1d_2",
    "wheel 0.37.1 pyhd8ed1ab_0",
    "win_inet_pton 1.1.0 py39hcbf5309_5",
    "xz 5.2.6 h8d14728_0",
    "yaml 0.2.5 h8ffe710_2",
    "yaml-cpp 0.7.0 h63175ca_2",
    "zipp 3.10.0 pyhd8ed1ab_0",
    "zstd 1.5.2 h7755175_4"
  ],
  "summary": "Extract Deflate64 ZIP archives with Python's zipfile API.",
  "tags": []
}