{
  "paths": [
    {
      "_path": "Lib/site-packages/zipfile_deflate64-0.0.0.dist-info/INSTALLER",
      "path_type": "hardlink",
      "sha256": "d0edee15f91b406f3f99726e44eb990be6e34fd0345b52b910c568e0eef6a2a8",
      "size_in_bytes": 5
    },
    {
      "_path": "Lib/site-packages/zipfile_deflate64-0.0.0.dist-info/LICENSE",
      "path_type": "hardlink",
      "sha256": "c71d239df91726fc519c6eb72d318ec65820627232b2f796219e87dcf35d0ab4",
      "size_in_bytes": 11357
    },
    {
      "_path": "Lib/site-packages/zipfile_deflate64-0.0.0.dist-info/METADATA",
      "path_type": "hardlink",
      "sha256": "2c4b8a1de874a2cafade40f9cb10b0c7eef10961151b8689edcd18d8b6fe1fac",
      "size_in_bytes": 5962
    },
    {
      "_path": "Lib/site-packages/zipfile_deflate64-0.0.0.dist-info/RECORD",
      "path_type": "hardlink",
      "sha256": "1891f6daf70cc02b3be374e8c5a230bc13ec314010d8682759ddc38ed076317e",
      "size_in_bytes": 1279
    },
    {
      "_path": "Lib/site-packages/zipfile_deflate64-0.0.0.dist-info/REQUESTED",
      "path_type": "hardlink",
      "sha256": "e3b0c44298fc1c149afbf4c8996fb92427ae41e4649b934ca495991b7852b855",
      "size_in_bytes": 0
    },
    {
      "_path": "Lib/site-packages/zipfile_deflate64-0.0.0.dist-info/WHEEL",
      "path_type": "hardlink",
      "sha256": "7d571594bce2f021a2fd497cbe331d9fc804476e5d9f918183d13a93dcf8d7e6",
      "size_in_bytes": 100
    },
    {
      "_path": "Lib/site-packages/zipfile_deflate64-0.0.0.dist-info/direct_url.json",
      "path_type": "hardlink",
      "sha256": "115c555895b3ee058ac9789963fed62258cd869e832dca33c705b8680aa2a1c1",
      "size_in_bytes": 78
    },
    {
      "_path": "Lib/site-packages/zipfile_deflate64-0.0.0.dist-info/top_level.txt",
      "path_type": "hardlink",
      "sha256": "640cb9cb375c4117fa129455e98790549a68f083b9117f596a5f055772ac3c43",
      "size_in_bytes": 18
    },
    {
      "_path": "Lib/site-packages/zipfile_deflate64/__init__.py",
      "path_type": "hardlink",
      "sha256": "fb9ba5d1e1e0dcb73fc022d5a9a5701128b1c202d2a708bd993bc93910548b82",
      "size_in_bytes": 335
    },
    {
      "_path": "Lib/site-packages/zipfile_deflate64/__pycache__/__init__.cpython-39.pyc",
      "path_type": "hardlink",
      "sha256": "8b18de5bcb103e1d73fa8b221b1e6fc2f23abad76510b2317799644264de2936",
      "size_in_bytes": 237
    },
    {
      "_path": "Lib/site-packages/zipfile_deflate64/__pycache__/_patcher.cpython-39.pyc",
      "path_type": "hardlink",
      "sha256": "5736ec53340ee090e92b9bf733974d89c63cc219784d3e42e60eadc65334da47",
      "size_in_bytes": 877
    },
    {
      "_path": "Lib/site-packages/zipfile_deflate64/__pycache__/_zipfile.cpython-39.pyc",
      "path_type": "hardlink",
      "sha256": "28056bfc980492c2b63de4afcb79fd10394a071f06161071f3417742f8034381",
      "size_in_bytes": 1042
    },
    {
      "_path": "Lib/site-packages/zipfile_deflate64/_patcher.py",
      "path_type": "hardlink",
      "sha256": "346b25ba7682408d2af4f5097a44094b1e2f5892c8be91eef57b1dcfe0ca27bc",
      "size_in_bytes": 468
    },
    {
      "_path": "Lib/site-packages/zipfile_deflate64/_zipfile.py",
      "path_type": "hardlink",
      "sha256": "2fad5ad62f5d1191aeac15154208d52117f4e4319afb1fe5a1b070d17fa4a172",
      "size_in_bytes": 1175
    },
    {
      "_path": "Lib/site-packages/zipfile_deflate64/deflate64.cp39-win_amd64.pyd",
      "path_type": "hardlink",
      "sha256": "3da6a47c31c67e3d730073143f40f1a07fc3e4f2329cef3ef11fc06755619e4f",
      "size_in_bytes": 22016
    }
  ],
  "paths_version": 1
}